Ref,Val,Package,PosX,PosY,Rot,Side
"C1","1uF 10V X7R","C_0603_1608Metric",11.000000,-64.000000,0.000000,top
"C2","4.7uF 6.3V X5R","C_0603_1608Metric",15.000000,-64.000000,0.000000,top
"C3","100nF 10V X7R","C_0603_1608Metric",32.000000,-75.000000,0.000000,top
"C4","100nF 10V X7R","C_0603_1608Metric",35.000000,-75.000000,0.000000,top
"C5","1uF 10V X7R","C_0603_1608Metric",38.000000,-11.000000,0.000000,top
"C6","18pF C0G (tune)","C_0603_1608Metric",28.000000,-71.000000,0.000000,top
"C7","18pF C0G (tune)","C_0603_1608Metric",32.000000,-71.000000,0.000000,top
"C8","1uF 10V X7R","C_0603_1608Metric",47.000000,-51.000000,0.000000,top
"C9","10uF 6.3V X5R","C_0805_2012Metric",45.000000,-44.000000,0.000000,top
"C10","100nF X7R","C_0603_1608Metric",43.000000,-41.000000,0.000000,top
"C11","4.7uF X5R","C_0603_1608Metric",25.000000,-35.000000,0.000000,top
"C12","100nF X7R","C_0603_1608Metric",28.000000,-35.000000,0.000000,top
"C13","10uF X5R","C_0805_2012Metric",17.000000,-45.000000,0.000000,top
"C14","100nF X7R","C_0603_1608Metric",18.000000,-48.000000,0.000000,top
"C15","33uF 6.3V X5R","C_0805_2012Metric",42.000000,-53.000000,0.000000,top
"C16","1uF 10V X7R","C_0805_2012Metric",16.000000,-10.000000,0.000000,top
"C17","10uF 6.3V X5R","C_0805_2012Metric",22.000000,-15.000000,0.000000,top
"C18","10uF 6.3V X5R","C_0805_2012Metric",11.000000,-12.000000,0.000000,top
"C19","100nF X7R","C_0603_1608Metric",12.000000,-70.000000,0.000000,top
"J1","USB-C HRO TYPE-C-31-M-12","USB_C",32.000000,-3.600000,180.000000,top
"J2","SWD: VDD / SWDIO / SWDCLK / GND / RESET","PinHeader_1x05_P2.54mm_Vertical",57.000000,-67.000000,0.000000,top
"J3","Protected 1S 300mAh + 10k NTC (BAT/GND/NTC)","JST_PH_B3B-PH-K_1x03_P2.00mm_Vertical",6.000000,-50.000000,0.000000,top
"J4","Charger status: GND / PGOOD / CHG","PinHeader_1x03_P2.54mm_Vertical",6.000000,-26.000000,0.000000,top
"J5","BUTTON_LEFT contact","PinHeader_1x02_P2.54mm_Vertical",18.000000,-25.000000,0.000000,top
"J6","BUTTON_RIGHT contact","PinHeader_1x02_P2.54mm_Vertical",45.000000,-23.000000,0.000000,top
"J7","BUTTON_MIDDLE contact","PinHeader_1x02_P2.54mm_Vertical",34.000000,-22.000000,0.000000,top
"J8","BUTTON_BACK contact","PinHeader_1x02_P2.54mm_Vertical",5.000000,-37.000000,0.000000,top
"J9","BUTTON_FORWARD contact","PinHeader_1x02_P2.54mm_Vertical",10.000000,-43.000000,0.000000,top
"J10","Encoder: A / GND / B","PinHeader_1x03_P2.54mm_Vertical",27.000000,-12.000000,0.000000,top
"R1","5.1k 1%","R_0603_1608Metric",25.000000,-9.000000,0.000000,top
"R2","5.1k 1%","R_0603_1608Metric",39.000000,-9.000000,0.000000,top
"R3","10k","R_0603_1608Metric",17.000000,-84.000000,0.000000,top
"R4","5.6R 1%","R_0603_1608Metric",38.000000,-56.000000,0.000000,top
"R5","10k","R_0603_1608Metric",50.000000,-42.000000,0.000000,top
"R6","5.90k 1%","R_0603_1608Metric",11.000000,-18.000000,0.000000,top
"R7","3.09k 1%","R_0603_1608Metric",14.000000,-18.000000,0.000000,top
"R8","68k 1%","R_0603_1608Metric",17.000000,-18.000000,0.000000,top
"R9","100k 1%","R_0603_1608Metric",6.000000,-70.000000,0.000000,top
"R10","100k 1%","R_0603_1608Metric",9.000000,-70.000000,0.000000,top
"R11","100k","R_0603_1608Metric",9.000000,-22.000000,0.000000,top
"R12","100k","R_0603_1608Metric",12.000000,-22.000000,0.000000,top
"SW1","PAIR TL3342","SW_SPST_TL3342",10.000000,-78.000000,0.000000,top
"SW2","RESET TL3342","SW_SPST_TL3342",10.000000,-84.000000,0.000000,top
"SW3","Power PCM12","SW_SPDT_PCM12",7.000000,-56.000000,0.000000,top
"U1","MDBT50Q-1MV2","Raytac_MDBT50Q",32.000000,-84.000000,180.000000,top
"U2","USBLC6-2SC6","SOT-23-6",32.000000,-11.500000,90.000000,top
"U3","TLV70030DDCR","SOT-23-5",13.000000,-61.000000,0.000000,top
"U4","PAW3395DM-T6QU","PAW3395DM_T6QU",32.000000,-44.000000,0.000000,top
"U5","TLV70019DDCR","SOT-23-5",46.000000,-48.000000,0.000000,top
"U6","BQ24072RGTR","BQ24072_RGT0016C",16.000000,-14.000000,0.000000,top
"Y1","32.768kHz 12.5pF ABS07","Crystal_SMD_3215-2Pin_3.2x1.5mm",30.000000,-73.000000,0.000000,top
