Reference,Value / part,Footprint,X mm,Y mm,Block
U1,MDBT50Q-1MV2,Raytac_MDBT50Q,14,44,controller
J1,USB-C HRO TYPE-C-31-M-12,USB_C,14,3.6,USB
U2,USBLC6-2SC6,SOT-23-6,14,11.5,USB
R1,5.1k 1%,R_0603_1608Metric,7,9,USB
R2,5.1k 1%,R_0603_1608Metric,21,9,USB
U3,TLV70030DDCR,SOT-23-5,23,16,power
C1,1uF 10V X7R,C_0603_1608Metric,21,19,power
C2,4.7uF 6.3V X5R,C_0603_1608Metric,25,19,power
C3,100nF 10V X7R,C_0603_1608Metric,14,35,controller
C4,100nF 10V X7R,C_0603_1608Metric,17,35,controller
C5,1uF 10V X7R,C_0603_1608Metric,20,11,USB
Y1,32.768kHz 12.5pF ABS07,Crystal_SMD_3215-2Pin_3.2x1.5mm,12,33,controller
C6,18pF C0G (tune),C_0603_1608Metric,10,31,controller
C7,18pF C0G (tune),C_0603_1608Metric,14,31,controller
J2,SWD: VDD / SWDIO / SWDCLK / GND / RESET,PinHeader_1x05_P2.54mm_Vertical,2.8,28,debug
SW1,PAIR TL3342,SW_SPST_TL3342,5,15,controls
SW2,RESET TL3342,SW_SPST_TL3342,23,27,controls
R3,10k,R_0603_1608Metric,23,33,controller
